City_ID,City,Cloudiness,Country,Date,Humidity,Lat,Lng,Max temp,Wind Speed
0,Chuy,16,UY,2021-04-03 18:59:50,56,-33.6971,-53.4616,73.2,10.38
1,Mataura,6,NZ,2021-04-03 18:59:50,56,-46.1927,168.8643,63.0,17.0
2,San Cristobal,40,VE,2021-04-03 18:59:50,62,7.7669,-72.225,86.0,11.5
3,Verkhnevilyuysk,100,RU,2021-04-03 18:59:50,100,63.4453,120.3167,-20.47,2.13
4,Saskylakh,86,RU,2021-04-03 18:59:51,100,71.9167,114.0833,-24.41,2.37
5,Bluff,82,NZ,2021-04-03 18:59:51,56,-46.6,168.3333,63.0,17.0
6,Ixtapa,20,MX,2021-04-03 18:56:32,78,20.7,-105.2,78.8,10.36
7,Padang,75,ID,2021-04-03 18:59:46,94,-0.9492,100.3543,73.4,14.97
8,Port Alfred,100,ZA,2021-04-03 18:59:52,74,-33.5906,26.891,64.94,16.08
9,Albany,9,US,2021-04-03 18:56:19,15,42.6001,-73.9662,50.0,1.01
10,Karratha,46,AU,2021-04-03 18:59:52,49,-20.7377,116.8463,82.47,5.86
11,Talnakh,1,RU,2021-04-03 18:59:53,85,69.4865,88.3972,-13.27,7.83
12,Punta Arenas,75,CL,2021-04-03 18:59:53,76,-53.15,-70.9167,44.6,29.93
13,Maragogi,10,BR,2021-04-03 18:59:53,73,-9.0122,-35.2225,82.31,9.26
14,Vaini,90,TO,2021-04-03 18:59:54,88,-21.2,-175.2,75.2,18.41
15,Port Elizabeth,0,ZA,2021-04-03 18:59:54,77,-33.918,25.5701,64.4,13.8
16,Tottori,100,JP,2021-04-03 18:59:54,86,35.5,134.2333,59.31,8.57
17,Jamestown,75,US,2021-04-03 18:59:02,28,42.097,-79.2353,48.0,12.66
18,Bonthe,8,SL,2021-04-03 18:59:55,79,7.5264,-12.505,81.36,8.3
19,Kasongo,69,CD,2021-04-03 18:59:55,92,-4.45,26.6667,70.72,1.61
20,Ushuaia,75,AR,2021-04-03 18:56:57,100,-54.8,-68.3,37.4,26.46
21,Machakos,40,KE,2021-04-03 18:59:55,56,-1.5167,37.2667,75.2,5.75
22,Qorveh,0,IR,2021-04-03 18:59:56,56,35.1664,47.8045,38.07,6.76
23,Hermanus,0,ZA,2021-04-03 18:59:56,85,-34.4187,19.2345,59.0,2.06
24,Bilibino,83,RU,2021-04-03 18:59:56,94,68.0546,166.4372,-22.13,4.36
25,Belyy Yar,0,RU,2021-04-03 18:59:57,55,53.6039,91.3903,33.8,6.71
26,Kahului,40,US,2021-04-03 18:59:57,83,20.8947,-156.47,71.6,8.05
27,Oranjemund,0,NA,2021-04-03 18:59:57,81,-28.55,16.4333,62.69,9.44
28,Cidreira,0,BR,2021-04-03 18:59:47,69,-30.1811,-50.2056,74.89,13.56
29,Solnechnyy,51,RU,2021-04-03 18:59:58,53,50.7214,136.6319,23.56,11.61
30,Hobart,40,AU,2021-04-03 18:59:58,51,-42.8794,147.3294,59.0,17.27
31,Elko,1,US,2021-04-03 18:58:42,24,41.0002,-115.5012,64.0,3.44
32,Altay,0,CN,2021-04-03 18:59:58,31,47.8667,88.1167,30.38,10.02
33,Pau,40,FR,2021-04-03 18:59:59,71,43.4167,-0.5833,51.8,10.36
34,Popondetta,100,PG,2021-04-03 18:59:59,99,-8.7537,148.2534,73.36,1.59
35,Kohima,0,IN,2021-04-03 18:59:59,49,25.6667,94.1167,59.63,1.92
36,Banposh,1,IN,2021-04-03 19:00:00,71,22.25,84.8,75.51,2.91
37,Hilo,75,US,2021-04-03 19:00:00,83,19.7297,-155.09,70.0,3.44
38,Boueni,0,YT,2021-04-03 19:00:00,83,-12.9025,45.0761,80.6,2.91
39,Longyearbyen,75,SJ,2021-04-03 19:00:01,68,78.2186,15.6401,19.4,14.97
40,Dikson,36,RU,2021-04-03 19:00:01,83,73.5069,80.5464,-19.12,5.21
41,Rikitea,91,PF,2021-04-03 19:00:01,68,-23.1203,-134.9692,76.78,16.89
42,Tarnogskiy Gorodok,100,RU,2021-04-03 19:00:02,97,60.4997,43.5761,26.98,2.86
43,Kodiak,1,US,2021-04-03 19:00:08,61,57.79,-152.4072,46.4,8.05
44,Lagoa,100,PT,2021-04-03 19:00:10,91,39.05,-27.9833,59.23,30.27
45,Roma,1,US,2021-04-03 19:00:10,39,43.2128,-75.4557,46.99,9.22
46,Mayo,1,US,2021-04-03 19:00:11,31,38.8876,-76.5119,53.01,5.75
47,Thompson,75,CA,2021-04-03 19:00:11,45,55.7435,-97.8558,39.2,10.36
48,Provideniya,100,RU,2021-04-03 19:00:11,92,64.3833,-173.3,6.21,10.0
49,Sao Joao Da Barra,75,BR,2021-04-03 19:00:12,54,-21.6403,-41.0511,84.2,4.61
50,Muncar,13,ID,2021-04-03 19:00:12,90,-8.4333,114.3333,75.52,2.19
51,La Palma,40,US,2021-04-03 19:00:13,72,33.8464,-118.0467,72.0,3.44
52,Krasnoselkup,100,RU,2021-04-03 19:00:13,95,65.7,82.4667,27.64,5.86
53,Puerto Ayora,20,EC,2021-04-03 18:57:46,70,-0.7393,-90.3518,84.2,8.05
54,Nikolskoye,0,RU,2021-04-03 19:00:14,80,59.7035,30.7861,35.01,4.47
55,Hami,100,CN,2021-04-03 19:00:14,13,42.8,93.45,53.46,3.53
56,Cape Town,0,ZA,2021-04-03 18:58:52,77,-33.9258,18.4232,69.01,6.91
57,Mar Del Plata,40,AR,2021-04-03 18:56:30,53,-38.0023,-57.5575,77.0,5.75
58,Busselton,100,AU,2021-04-03 19:00:15,92,-33.65,115.3333,61.0,3.0
59,Qaanaaq,100,GL,2021-04-03 19:00:15,84,77.484,-69.3632,-11.0,8.97
60,Port Macquarie,83,AU,2021-04-03 19:00:15,100,-31.4333,152.9167,62.01,4.32
61,Clyde River,20,CA,2021-04-03 19:00:16,70,70.4692,-68.5914,-9.4,3.44
62,Lebu,0,CL,2021-04-03 19:00:16,70,-37.6167,-73.65,61.03,12.26
63,Ponta Do Sol,78,PT,2021-04-03 19:00:16,63,32.6667,-17.1,62.01,5.01
64,Georgetown,20,MY,2021-04-03 18:55:31,89,5.4112,100.3354,82.4,5.75
65,Orkney,6,ZA,2021-04-03 19:00:17,26,-26.9802,26.6727,67.82,4.16
66,Verkhnya Syrovatka,100,UA,2021-04-03 19:00:17,67,50.829,34.9586,42.01,3.69
67,Stykkisholmur,100,IS,2021-04-03 19:00:18,95,65.0757,-22.7297,38.77,15.1
68,Hasaki,0,JP,2021-04-03 19:00:18,88,35.7333,140.8333,57.99,4.61
69,Butaritari,100,KI,2021-04-03 19:00:18,77,3.0707,172.7902,82.51,15.39
70,Vestmannaeyjar,100,IS,2021-04-03 19:00:19,90,63.4427,-20.2734,43.65,31.14
71,Bethel,1,US,2021-04-03 19:00:19,21,41.3712,-73.414,50.0,9.22
72,Fort Frances,1,CA,2021-04-03 18:56:06,17,48.5999,-93.4003,60.01,9.22
73,Kapaa,1,US,2021-04-03 19:00:19,73,22.0752,-159.319,73.4,17.27
74,Yellowknife,20,CA,2021-04-03 19:00:20,66,62.456,-114.3525,3.0,4.61
75,Namibe,42,AO,2021-04-03 19:00:20,77,-15.1961,12.1522,78.08,8.08
76,Barkot,0,IN,2021-04-03 19:00:20,19,30.8167,78.2,51.01,5.64
77,Camacha,20,PT,2021-04-03 19:00:21,63,33.0833,-16.3333,62.6,11.5
78,Yurimaguas,75,PE,2021-04-03 19:00:21,94,-5.9,-76.0833,77.0,11.5
79,Nova Russas,100,BR,2021-04-03 19:00:21,62,-4.7067,-40.5631,83.17,4.38
80,Kavaratti,82,IN,2021-04-03 19:00:22,62,10.5669,72.642,82.62,7.63
81,Esperance,90,AU,2021-04-03 19:00:22,77,-33.8667,121.9,62.6,11.5
82,Salinopolis,100,BR,2021-04-03 19:00:22,85,-0.6136,-47.3561,78.75,8.48
83,Manica,90,FR,2021-04-03 19:00:23,70,49.0,-1.1667,44.6,12.66
84,Nantucket,1,US,2021-04-03 18:55:48,45,41.2835,-70.0995,41.0,11.92
85,Atuona,100,PF,2021-04-03 19:00:23,73,-9.8,-139.0333,81.12,15.14
86,Balkanabat,98,TM,2021-04-03 19:00:23,56,39.5108,54.3671,54.1,14.2
87,Jumla,0,NP,2021-04-03 19:00:24,23,29.2747,82.1838,38.01,4.27
88,Nara,71,JP,2021-04-03 19:00:24,67,34.6851,135.8049,62.01,3.29
89,Ginir,59,ET,2021-04-03 19:00:24,64,7.1333,40.7,62.62,4.23
90,Huadian,100,CN,2021-04-03 19:00:25,42,42.9633,126.7478,34.02,2.24
91,Alice Town,97,BS,2021-04-03 19:00:25,61,25.7167,-79.3,68.74,23.04
92,Conde,75,BR,2021-04-03 19:00:25,79,-7.2597,-34.9075,84.2,16.11
93,Havoysund,75,NO,2021-04-03 18:55:38,87,70.9963,24.6622,35.6,14.97
94,Severo-Kurilsk,100,RU,2021-04-03 18:56:17,94,50.6789,156.125,33.58,21.9
95,Chany,15,RU,2021-04-03 19:00:26,95,55.3121,76.7647,14.72,6.46
96,Cabo San Lucas,20,MX,2021-04-03 19:00:01,39,22.8909,-109.9124,87.01,4.61
97,Springbok,0,ZA,2021-04-03 19:00:26,35,-29.6643,17.8865,70.02,3.27
98,Castro,21,BR,2021-04-03 18:58:18,60,-24.7911,-50.0119,72.03,7.0
99,Hualmay,90,PE,2021-04-03 19:00:27,69,-11.0964,-77.6139,75.7,11.92
100,Qaqortoq,75,GL,2021-04-03 19:00:27,75,60.7167,-46.0333,42.8,4.61
101,Lompoc,6,US,2021-04-03 18:56:06,67,34.6391,-120.4579,60.01,10.87
102,Vao,100,NC,2021-04-03 19:00:28,74,-22.6667,167.4833,76.19,26.31
103,Faanui,22,PF,2021-04-03 19:00:28,71,-16.4833,-151.75,81.77,6.13
104,Svetlogorsk,94,BY,2021-04-03 18:56:00,79,52.6333,29.7333,37.83,4.61
105,Chokurdakh,59,RU,2021-04-03 19:00:29,100,70.6333,147.9167,-25.91,4.5
106,Eureka,90,US,2021-04-03 19:00:29,81,40.8021,-124.1637,52.0,8.05
107,Kaitangata,82,NZ,2021-04-03 19:00:30,50,-46.2817,169.8464,61.0,14.0
108,Labuhan,91,ID,2021-04-03 19:00:30,85,-6.8844,112.2051,79.21,5.44
109,San Clemente,7,US,2021-04-03 19:00:30,76,33.427,-117.612,69.01,1.99
110,Coteana,90,RO,2021-04-03 19:00:31,93,44.3,24.4667,46.99,8.05
111,Khatanga,6,RU,2021-04-03 19:00:31,94,71.9667,102.5,-29.87,4.38
112,Sao Filipe,11,CV,2021-04-03 19:00:31,68,14.8961,-24.4956,74.97,8.25
113,Narsaq,75,GL,2021-04-03 19:00:31,75,60.9167,-46.05,42.8,4.61
114,Cherskiy,58,RU,2021-04-03 19:00:32,97,68.75,161.3,-22.45,5.44
115,Kulhudhuffushi,31,MV,2021-04-03 19:00:32,66,6.6221,73.07,83.68,11.97
116,Koungou,0,YT,2021-04-03 19:00:33,83,-12.7336,45.2042,80.6,1.81
117,Hambantota,0,LK,2021-04-03 19:00:33,83,6.1241,81.1185,78.8,4.61
118,Ahipara,0,NZ,2021-04-03 19:00:33,88,-35.1667,173.1667,59.34,0.76
119,Maniitsoq,100,GL,2021-04-03 19:00:34,51,65.4167,-52.9,22.66,6.38
120,Sampit,92,ID,2021-04-03 19:00:34,98,-2.5333,112.95,74.59,2.26
121,Ilave,99,PE,2021-04-03 19:00:34,57,-16.0833,-69.6667,51.62,9.19
122,Tomatlan,100,MX,2021-04-03 19:00:34,35,19.9333,-105.25,90.18,10.69
123,Papetoai,40,PF,2021-04-03 19:00:35,74,-17.4961,-149.8729,80.6,3.44
124,Salalah,0,OM,2021-04-03 19:00:35,78,17.0151,54.0924,82.4,3.44
125,San Andres,20,CO,2021-04-03 18:56:41,66,12.5847,-81.7006,86.0,13.8
126,Deputatskiy,100,RU,2021-04-03 18:55:39,100,69.3,139.9,-13.79,2.15
127,Acoyapa,40,NI,2021-04-03 19:00:36,58,11.9703,-85.1711,86.0,13.8
128,Gwadar,0,PK,2021-04-03 19:00:16,65,25.1216,62.3254,80.42,7.43
129,East London,0,ZA,2021-04-03 19:00:36,72,-33.0153,27.9116,64.4,6.91
130,Grindavik,90,IS,2021-04-03 19:00:37,100,63.8424,-22.4338,42.8,29.93
131,Poya,100,NC,2021-04-03 18:56:41,92,-21.35,165.15,76.32,6.4
132,Coihaique,75,CL,2021-04-03 19:00:37,48,-45.5752,-72.0662,60.8,10.36
133,Kharp,27,RU,2021-04-03 19:00:37,92,66.8014,65.8081,12.61,6.51
134,Nyagan,100,RU,2021-04-03 19:00:38,95,62.1406,65.3936,34.36,7.25
135,Barrow,1,US,2021-04-03 19:00:38,83,71.2906,-156.7887,-22.0,6.91
136,Avarua,75,CK,2021-04-03 19:00:38,78,-21.2078,-159.775,82.4,13.8
137,Yamaranguila,75,HN,2021-04-03 19:00:39,77,14.2833,-88.25,62.6,11.5
138,Areka,68,ET,2021-04-03 19:00:39,62,7.0667,37.7,65.95,5.84
139,Kisangani,100,CD,2021-04-03 19:00:39,80,0.5167,25.2,75.42,2.35
140,Jaisinghnagar,0,IN,2021-04-03 19:00:40,9,23.7,81.3833,74.64,4.94
141,College,90,US,2021-04-03 19:00:40,79,64.8569,-147.8028,21.0,3.44
142,Redcar,64,GB,2021-04-03 19:00:40,76,54.6166,-1.06,43.0,3.0
143,Ancud,31,CL,2021-04-03 19:00:41,70,-41.8697,-73.8203,68.0,7.0
144,Luena,19,AO,2021-04-03 19:00:41,80,-11.7833,19.9167,64.44,4.85
145,Purpe,100,RU,2021-04-03 19:00:41,90,64.4803,76.6897,29.68,7.74
146,Bonanza,38,NI,2021-04-03 19:00:42,41,14.0289,-84.591,88.9,8.39
147,Black Forest,1,US,2021-04-03 19:00:42,8,39.0131,-104.7008,71.6,8.05
148,Komarikhinskiy,75,RU,2021-04-03 19:00:42,65,58.0979,57.1163,37.4,4.47
149,Alofi,90,NU,2021-04-03 19:00:43,100,-19.0595,-169.9187,68.0,1.14
150,Bathsheba,40,BB,2021-04-03 19:00:43,54,13.2167,-59.5167,82.4,24.16
151,Milledgeville,1,US,2021-04-03 19:00:43,27,33.0801,-83.2321,63.0,6.91
152,Sabang,100,ID,2021-04-03 19:00:44,75,5.8933,95.3214,82.54,15.99
153,Moissala,100,TD,2021-04-03 19:00:44,34,8.3404,17.7663,86.04,4.79
154,Mahebourg,40,MU,2021-04-03 19:00:44,83,-20.4081,57.7,80.6,6.91
155,Tiksi,100,RU,2021-04-03 19:00:45,100,71.6872,128.8694,-16.04,5.68
156,New Norfolk,25,AU,2021-04-03 19:00:45,59,-42.7826,147.0587,57.0,5.99
157,Tazovskiy,100,RU,2021-04-03 19:00:45,95,67.4667,78.7,20.98,12.24
158,Aksum,8,ET,2021-04-03 19:00:45,52,14.1245,38.7244,65.39,3.58
159,Gushikawa,75,JP,2021-04-03 19:00:46,88,26.3544,127.8686,71.6,3.44
160,Vilela,59,PT,2021-04-03 19:00:46,49,41.2251,-7.6034,60.67,1.5
161,Teguldet,100,RU,2021-04-03 19:00:46,98,57.3064,88.1667,32.43,6.78
162,Arraial Do Cabo,20,BR,2021-04-03 19:00:08,69,-22.9661,-42.0278,82.4,14.97
163,Paranagua,75,BR,2021-04-03 19:00:47,73,-25.52,-48.5092,69.8,13.8
164,Kirakira,27,SB,2021-04-03 19:00:47,85,-10.4544,161.9205,79.81,6.98
165,Mayumba,100,GA,2021-04-03 19:00:48,84,-3.432,10.6554,80.35,7.9
166,Sioux Lookout,20,CA,2021-04-03 19:00:48,26,50.1001,-91.917,53.6,14.97
167,Bambous Virieux,40,MU,2021-04-03 19:00:48,83,-20.3428,57.7575,81.0,6.91
168,Hithadhoo,99,MV,2021-04-03 19:00:49,73,-0.6,73.0833,84.0,16.2
169,Victoria,10,HK,2021-04-03 18:58:40,74,22.2855,114.1577,78.01,3.0
170,Ambilobe,0,MG,2021-04-03 19:00:49,93,-13.2,49.05,74.5,3.44
171,Grand-Lahou,73,CI,2021-04-03 19:00:49,82,5.1367,-5.0242,81.18,9.35
172,Aklavik,90,CA,2021-04-03 19:00:50,71,68.2191,-135.0107,-5.8,9.22
173,Voh,100,NC,2021-04-03 19:00:50,91,-20.9667,164.7,76.23,5.01
174,Guerrero Negro,0,MX,2021-04-03 19:00:50,57,27.9769,-114.0611,69.71,14.45
175,Husavik,90,IS,2021-04-03 18:56:24,61,66.0449,-17.3389,44.6,8.05
176,Upernavik,10,GL,2021-04-03 19:00:51,86,72.7868,-56.1549,-11.25,7.34
177,Ugoofaaru,2,MV,2021-04-03 19:00:51,73,5.6667,73.0,82.83,9.44
178,North Myrtle Beach,1,US,2021-04-03 19:00:51,35,33.816,-78.68,57.0,6.91
179,Hervey Bay,100,AU,2021-04-03 19:00:52,92,-25.2986,152.8535,72.0,3.0
180,Grand Gaube,12,MU,2021-04-03 19:00:52,77,-20.0064,57.6608,81.0,1.99
181,Chernyshevskiy,100,RU,2021-04-03 19:00:52,100,63.0128,112.4714,-19.08,3.15
182,Dillingen,0,DE,2021-04-03 19:00:53,46,49.35,6.7333,48.0,5.75
183,Katsuura,73,JP,2021-04-03 19:00:53,80,35.1333,140.3,62.01,3.0
184,Aurangabad,5,IN,2021-04-03 19:00:53,39,19.8833,75.3333,84.2,9.1
185,Zhanaozen,5,KZ,2021-04-03 19:00:54,62,43.3,52.8,46.18,8.97
186,Bredasdorp,0,ZA,2021-04-03 19:00:54,77,-34.5322,20.0403,62.6,6.91
187,Batagay-Alyta,100,RU,2021-04-03 19:00:54,97,67.8006,130.4114,-14.06,4.05
188,Shieli,100,KZ,2021-04-03 19:00:55,35,44.1667,66.75,54.05,3.44
189,Saint George,1,US,2021-04-03 19:00:31,20,37.1041,-113.5841,81.0,0.94
190,Marawi,80,PH,2021-04-03 19:00:55,96,7.9986,124.2928,68.36,0.96
191,Yining,100,CN,2021-04-03 19:00:55,93,29.0361,114.5636,53.29,2.01
192,Upington,0,ZA,2021-04-03 19:00:56,38,-28.4478,21.2561,77.0,4.61
193,Saldanha,0,ZA,2021-04-03 19:00:56,72,-33.0117,17.9442,66.2,11.5
194,Hay River,60,CA,2021-04-03 19:00:56,57,60.8156,-115.7999,12.2,8.05
195,Tasiilaq,20,GL,2021-04-03 19:00:57,63,65.6145,-37.6368,24.8,10.36
196,Adrar,90,MR,2021-04-03 19:00:57,6,20.5022,-10.0711,90.36,5.97
197,Pindiga,42,NG,2021-04-03 19:00:57,12,9.9833,10.9333,86.97,7.2
198,Korem,9,ET,2021-04-03 19:00:58,69,12.5058,39.5228,57.61,4.79
199,Sapa,100,PH,2021-04-03 19:00:58,79,5.1544,120.3241,81.43,4.59
200,Phan Thiet,76,VN,2021-04-03 19:00:58,86,10.9333,108.1,76.5,6.55
201,Roebourne,48,AU,2021-04-03 19:00:59,47,-20.7833,117.1333,82.51,6.15
202,Notodden,8,NO,2021-04-03 18:59:13,69,59.5594,9.2585,39.0,1.01
203,Katangli,98,RU,2021-04-03 19:00:59,75,51.7102,143.2326,23.4,25.68
204,San Buenaventura,75,MX,2021-04-03 19:00:59,64,27.0833,-101.5333,73.99,6.17
205,Numan,100,NG,2021-04-03 19:01:00,10,9.4667,12.0333,90.05,3.2
206,Znamenskoye,100,RU,2021-04-03 19:01:00,97,57.1281,73.8282,27.34,6.53
207,Herat,40,AF,2021-04-03 19:01:00,25,34.5,62.0,77.0,6.91
208,Coxim,100,BR,2021-04-03 19:01:00,29,-18.5067,-54.76,97.02,6.33
209,Saint Anthony,1,US,2021-04-03 19:01:01,18,45.0205,-93.218,68.0,9.22
210,Ilulissat,40,GL,2021-04-03 19:01:01,56,69.2167,-51.1,8.6,3.44
211,Cambrai,10,FR,2021-04-03 19:01:01,10,50.1667,3.4167,44.01,8.01
212,Iguape,26,BR,2021-04-03 19:01:02,71,-24.7081,-47.5553,76.95,7.94
213,Awjilah,0,LY,2021-04-03 19:01:02,16,29.1081,21.2869,73.87,7.74
214,Jiancheng,95,CN,2021-04-03 19:01:03,83,30.391,104.5491,54.0,4.41
215,Pevek,97,RU,2021-04-03 19:01:03,99,69.7008,170.3133,-24.79,4.27
216,Port Lincoln,0,AU,2021-04-03 19:01:03,63,-34.7333,135.8667,67.17,3.94
217,Meulaboh,97,ID,2021-04-03 19:01:04,84,4.1363,96.1285,76.51,2.48
218,Kavieng,38,PG,2021-04-03 19:01:04,75,-2.5744,150.7967,81.72,3.89
219,Phek,0,IN,2021-04-03 19:01:04,50,25.6667,94.5,49.17,0.89
220,Svetlyy,75,RU,2021-04-03 19:01:04,87,54.675,20.1347,37.4,15.66
221,Geraldton,36,AU,2021-04-03 19:01:05,68,-28.7667,114.6,71.6,8.05
222,Brae,90,GB,2021-04-03 19:01:05,81,60.3964,-1.353,46.4,19.57
223,Lata,75,PT,2021-04-03 19:01:05,88,40.1629,-8.3327,61.0,6.91
224,Kruisfontein,11,ZA,2021-04-03 19:01:06,78,-34.0033,24.7314,64.99,1.99
225,Jining,6,CN,2021-04-03 19:01:06,44,35.405,116.5814,39.87,6.33
226,Brooks,100,CA,2021-04-03 18:59:27,39,50.5834,-111.8851,48.99,5.75
227,San Patricio,75,US,2021-04-03 19:01:06,56,28.017,-97.5169,73.99,11.5
228,Saint-Philippe,0,RE,2021-04-03 19:01:07,78,-21.3585,55.7679,78.8,5.75
229,Alamogordo,1,US,2021-04-03 18:59:18,22,32.8995,-105.9603,81.0,4.61
230,Samarai,100,PG,2021-04-03 19:01:07,77,-10.6167,150.6667,82.54,15.5
231,Lorengau,100,PG,2021-04-03 19:01:07,80,-2.0226,147.2712,79.38,6.38
232,Lubao,40,PH,2021-04-03 19:01:08,78,14.9167,120.55,77.0,2.3
233,Sitka,75,US,2021-04-03 19:01:08,87,57.0531,-135.33,37.4,5.75
234,Zhanakorgan,100,KZ,2021-04-03 19:01:09,35,43.9098,67.2495,54.48,2.37
235,Kaeo,12,NZ,2021-04-03 19:01:09,95,-35.1,173.7833,57.99,1.28
236,Carnarvon,0,AU,2021-04-03 19:01:09,83,-24.8667,113.6333,78.8,13.8
237,Ayagoz,0,KZ,2021-04-03 19:01:10,61,47.9714,80.4392,33.06,8.72
238,Ferme-Neuve,89,CA,2021-04-03 19:01:10,21,46.7001,-75.4493,48.2,11.5
239,Velingrad,60,BG,2021-04-03 19:01:10,98,42.0272,23.9957,46.0,5.01
240,Leningradskiy,100,RU,2021-04-03 19:01:11,93,69.3833,178.4167,-19.26,4.36
241,Airai,100,TL,2021-04-03 19:01:11,95,-8.9266,125.4092,61.32,5.75
242,Kelo,100,TD,2021-04-03 19:01:11,12,9.3086,15.8066,90.61,3.83
243,Atenas De San Cristobal,75,HN,2021-04-03 19:01:11,83,15.6833,-87.3167,82.4,9.22
244,Kovur,20,IN,2021-04-03 19:01:12,93,14.4833,79.9833,79.32,8.08
245,Pasighat,0,IN,2021-04-03 19:01:12,59,28.0667,95.3333,66.65,6.13
246,High Level,20,CA,2021-04-03 18:56:41,63,58.5169,-117.136,24.8,10.36
247,Norman Wells,75,CA,2021-04-03 19:01:13,71,65.282,-126.8329,1.4,4.61
248,Palmer,1,US,2021-04-03 18:56:45,17,42.1584,-72.3287,50.0,13.8
249,La Ronge,14,CA,2021-04-03 19:01:13,36,55.1001,-105.2842,42.8,5.75
250,Manicore,100,BR,2021-04-03 19:01:13,58,-5.8092,-61.3003,88.43,3.98
251,Osoyoos,100,CA,2021-04-03 19:01:14,35,49.0331,-119.4524,53.6,3.44
252,Orange,40,US,2021-04-03 19:00:01,63,33.7,-117.7675,72.0,3.44
253,Ribeira Grande,75,PT,2021-04-03 19:01:14,88,38.5167,-28.7,62.6,18.41
254,Pisco,0,PE,2021-04-03 19:01:15,73,-13.7,-76.2167,75.99,8.05
255,Mount Gambier,90,AU,2021-04-03 19:01:15,100,-37.8333,140.7667,57.2,3.06
256,Egvekinot,100,RU,2021-04-03 19:01:15,82,66.3167,-179.1667,-5.55,17.31
257,Cottbus,14,DE,2021-04-03 19:01:16,60,51.7667,14.3333,41.0,1.99
258,Port Hedland,100,AU,2021-04-03 19:01:16,73,-20.3167,118.5667,73.4,6.91
259,Tasgaon,89,IN,2021-04-03 19:01:16,67,17.0333,74.6,74.14,12.21
260,Honningsvag,100,NO,2021-04-03 19:01:17,92,70.9821,25.9704,33.21,29.62
261,Tutoia,75,BR,2021-04-03 19:01:17,83,-2.7619,-42.2744,82.4,8.05
262,San Isidro,0,PE,2021-04-03 19:01:17,61,-12.1167,-77.05,77.0,6.91
263,Fuyang,100,CN,2021-04-03 19:01:18,80,32.9,115.8167,44.87,7.23
264,Pidhaytsi,75,UA,2021-04-03 19:01:18,46,49.2685,25.1334,46.4,4.47
265,Tapa,0,EE,2021-04-03 19:01:18,70,59.2606,25.9586,37.99,10.36
266,Saint-Augustin,100,CA,2021-04-03 19:00:55,99,51.226,-58.6502,35.31,5.66
267,Stutterheim,0,ZA,2021-04-03 19:01:19,72,-32.5708,27.424,64.4,6.91
268,Merauke,100,ID,2021-04-03 19:01:19,91,-8.4667,140.3333,76.15,17.72
269,Tucuman,75,AR,2021-04-03 18:58:04,69,-26.8241,-65.2226,75.2,4.61
270,Sandpoint,1,US,2021-04-03 19:01:20,43,48.2766,-116.5533,55.99,5.75
271,Umm Kaddadah,9,SD,2021-04-03 19:01:20,12,13.6017,26.6876,76.48,14.23
272,Flinders,53,AU,2021-04-03 19:01:20,89,-34.5833,150.8552,63.0,1.01
273,Denpasar,40,ID,2021-04-03 19:00:20,89,-8.65,115.2167,80.6,2.3
274,West Plains,1,US,2021-04-03 18:59:56,31,36.7281,-91.8524,66.99,8.05
275,Asfi,8,MA,2021-04-03 19:01:21,74,32.2994,-9.2372,61.2,14.65
276,Tuktoyaktuk,40,CA,2021-04-03 19:01:21,70,69.4541,-133.0374,-11.2,3.44
277,Brownsville,40,US,2021-04-03 19:01:13,50,25.9018,-97.4975,75.2,11.5
278,Khushab,38,PK,2021-04-03 19:01:22,15,32.2967,72.3525,70.12,6.11
279,Mayskiy,75,RU,2021-04-03 19:01:22,93,47.6931,40.1025,46.4,8.95
280,Namtsy,0,RU,2021-04-03 19:01:22,77,62.7161,129.6658,-11.2,6.71
281,Kyshtovka,33,RU,2021-04-03 19:01:23,97,56.555,76.6271,19.72,6.67
282,Constitucion,7,CL,2021-04-03 19:01:23,56,-35.3333,-72.4167,67.05,10.07
283,Kloulklubed,75,PW,2021-04-03 19:01:23,94,7.0419,134.2556,75.2,9.44
284,Fairbanks,90,US,2021-04-03 19:00:49,93,64.8378,-147.7164,21.0,5.75
285,Ode,32,NG,2021-04-03 19:01:24,32,7.7899,5.7117,85.91,4.61
286,Vostok,72,RU,2021-04-03 19:01:24,68,46.4856,135.8833,20.8,6.42
287,Falam,1,MM,2021-04-03 19:01:24,28,22.9167,93.6833,59.65,3.49
288,Ajdabiya,5,LY,2021-04-03 19:01:25,21,30.7554,20.2263,75.13,11.1
289,De Aar,0,ZA,2021-04-03 19:01:25,28,-30.6497,24.0123,68.58,4.23
290,Olafsvik,100,IS,2021-04-03 19:01:25,87,64.8945,-23.7142,36.46,19.39
291,Belaya Gora,69,RU,2021-04-03 18:56:47,99,68.5333,146.4167,-23.12,1.39
292,Peace River,75,CA,2021-04-03 19:00:19,64,56.2501,-117.286,35.6,10.36
293,Hiranagar,20,IN,2021-04-03 19:01:26,37,32.45,75.2667,68.0,3.44
294,San Rafael,0,AR,2021-04-03 19:00:37,37,-34.6177,-68.3301,80.44,12.66
295,Klaksvik,90,FO,2021-04-03 19:01:26,87,62.2266,-6.589,44.6,27.63
296,Torbay,75,CA,2021-04-03 19:01:27,87,47.6666,-52.7314,45.0,13.8
297,Qui Nhon,100,VN,2021-04-03 18:57:46,88,13.7667,109.2333,77.43,1.9
298,Shimoda,85,JP,2021-04-03 19:01:27,72,34.6667,138.95,62.01,6.87
299,Fortuna,90,US,2021-04-03 19:01:27,87,40.5982,-124.1573,52.0,4.61
300,Kerema,100,PG,2021-04-03 19:01:28,93,-7.9631,145.7785,75.61,8.99
301,Concordia,75,AR,2021-04-03 19:01:28,47,-31.393,-58.0209,81.0,6.91
302,Saint-Pierre,0,RE,2021-04-03 19:01:28,78,-21.3393,55.4781,77.0,5.75
303,Ankang,100,CN,2021-04-03 19:01:28,85,32.68,109.0172,51.4,4.29
304,Gravdal,100,NO,2021-04-03 19:01:29,79,68.1214,13.5031,38.53,20.94
305,Meridian,1,US,2021-04-03 18:57:10,21,43.6121,-116.3915,71.01,4.61
306,Petropavlovsk-Kamchatskiy,75,RU,2021-04-03 19:00:14,86,53.0452,158.6483,32.0,11.18
307,Treinta Y Tres,100,UY,2021-04-03 19:01:29,67,-33.2333,-54.3833,71.13,7.16
308,Trairi,14,BR,2021-04-03 19:01:30,82,-3.2778,-39.2689,81.5,10.67
309,Atar,97,MR,2021-04-03 19:01:30,13,20.5169,-13.0499,105.8,9.22
310,Nemuro,100,JP,2021-04-03 19:01:30,98,43.3236,145.575,38.91,6.04
311,Chibombo,46,ZM,2021-04-03 19:01:31,84,-14.6569,28.0706,62.87,6.35
312,Manokwari,97,ID,2021-04-03 19:01:31,78,-0.8667,134.0833,79.18,2.73
313,Kurilsk,100,RU,2021-04-03 19:01:31,98,45.2333,147.8833,35.11,14.94
314,Likasi,100,CD,2021-04-03 19:01:32,76,-10.9814,26.7333,67.51,2.68
315,Lazarev,51,RU,2021-04-03 19:01:32,72,52.225,141.5131,19.85,30.87
316,Williston,29,US,2021-04-03 19:01:06,20,48.147,-103.618,70.0,5.01
317,Daru,100,PG,2021-04-03 19:01:32,91,-9.0763,143.2092,75.72,15.84
318,Radhan,2,PK,2021-04-03 19:01:30,8,27.1833,67.95,87.94,8.9
319,Markova,75,UA,2021-04-03 19:01:33,46,48.6758,24.4138,46.4,4.47
320,Clarence Town,8,AU,2021-04-03 19:01:33,94,-32.5833,151.7833,61.0,2.3
321,Jiexiu,99,CN,2021-04-03 19:01:33,80,37.0244,111.9125,45.75,1.14
322,Mende,0,FR,2021-04-03 19:01:34,67,44.6667,3.5,33.66,14.99
323,Naze,100,JP,2021-04-03 19:01:34,91,28.3667,129.4833,66.56,2.77
324,Nouadhibou,99,MR,2021-04-03 19:01:34,73,20.931,-17.0347,69.8,21.85
325,Nioki,100,CD,2021-04-03 19:01:35,96,-2.7167,17.6833,72.3,4.36
326,Itarema,33,BR,2021-04-03 19:01:35,76,-2.9248,-39.9167,83.14,15.64
327,Iqaluit,20,CA,2021-04-03 19:01:15,60,63.7506,-68.5145,0.0,2.3
328,Portland,100,US,2021-04-03 19:00:13,55,45.5234,-122.6762,60.01,1.99
329,Acolman,20,MX,2021-04-03 19:01:36,20,19.625,-98.9167,73.4,11.5
330,Rayon,75,MX,2021-04-03 19:01:36,28,19.1444,-99.5836,68.0,8.05
331,Beyneu,6,KZ,2021-04-03 19:01:36,75,45.3167,55.2,44.24,14.27
332,Nuuk,75,GL,2021-04-03 19:01:36,79,64.1835,-51.7216,21.2,17.27
333,Bonavista,92,CA,2021-04-03 19:01:37,54,48.6499,-53.1147,55.4,8.05
334,Luderitz,0,NA,2021-04-03 19:01:37,52,-26.6481,15.1594,72.77,14.54
335,Leh,0,IN,2021-04-03 19:01:37,34,34.1667,77.5833,25.92,2.75
336,Edea,20,CM,2021-04-03 19:01:38,84,3.8,10.1333,84.2,2.3
337,Ndele,97,CF,2021-04-03 19:01:38,48,8.4109,20.6473,82.9,5.01
338,Bhabua,0,IN,2021-04-03 19:01:38,7,25.05,83.6167,74.35,1.97
339,Isangel,100,VU,2021-04-03 19:01:39,85,-19.55,169.2667,78.85,14.72
340,Ughelli,39,NG,2021-04-03 19:01:39,73,5.4899,6.0074,82.26,8.01
341,Bahia Blanca,75,AR,2021-04-03 19:01:39,32,-38.7196,-62.2724,81.36,12.64
342,Dakar,0,SN,2021-04-03 19:01:06,64,14.6937,-17.4441,75.2,4.61
343,Gualeguay,15,AR,2021-04-03 19:01:40,49,-33.1416,-59.3097,77.65,7.83
344,Jinchang,100,CN,2021-04-03 19:01:40,37,38.4953,102.1739,41.18,2.26
345,Florianopolis,75,BR,2021-04-03 18:58:53,69,-27.6146,-48.5012,79.0,2.3
346,Khorramshahr,0,IR,2021-04-03 19:01:41,37,30.4397,48.1664,68.0,9.22
347,Georgiyevskoye,85,RU,2021-04-03 19:01:41,95,58.731,45.024,27.09,4.14
348,Faya,0,SA,2021-04-03 19:01:41,77,18.3851,42.4509,68.0,4.61
349,Bollnas,100,SE,2021-04-03 19:01:42,56,61.3482,16.3946,43.0,5.01
350,Port Hawkesbury,90,CA,2021-04-03 18:59:12,100,45.6169,-61.3485,37.0,13.8
351,Rawson,6,AR,2021-04-03 19:01:42,29,-43.3002,-65.1023,80.83,15.46
352,Ilorin,85,NG,2021-04-03 18:57:17,31,8.5,4.55,93.02,5.84
353,Port-Gentil,20,GA,2021-04-03 19:01:42,88,-0.7193,8.7815,77.0,2.3
354,Codrington,21,AU,2021-04-03 19:01:43,95,-38.2667,141.9667,59.27,1.28
355,Santiago Del Estero,99,AR,2021-04-03 19:01:43,40,-27.7951,-64.2615,84.29,11.54
356,Kununurra,87,AU,2021-04-03 19:01:43,88,-15.7667,128.7333,73.4,3.44
357,Carutapera,100,BR,2021-04-03 19:01:44,85,-1.195,-46.02,81.14,7.65
358,Ayan,100,RU,2021-04-03 19:01:44,66,56.45,138.1667,13.78,18.52
359,Cayenne,75,GF,2021-04-03 19:01:44,78,4.9333,-52.3333,82.4,11.5
360,Bulgan,0,MN,2021-04-03 18:56:52,30,48.8125,103.5347,29.89,4.72
361,Kulachi,65,PK,2021-04-03 19:01:45,14,31.9286,70.4592,76.03,4.41
362,Santiago De Cao,75,PE,2021-04-03 19:01:45,83,-7.9589,-79.2392,71.6,10.36
363,Yanam,48,IN,2021-04-03 19:01:46,96,16.7333,82.2167,77.77,3.96
364,Vilcun,0,CL,2021-04-03 19:01:46,56,-38.65,-72.2333,69.8,5.75
365,Ramona,1,US,2021-04-03 19:00:55,31,33.0417,-116.8681,75.2,11.5
366,Huilong,45,CN,2021-04-03 19:01:46,90,31.8111,121.655,53.01,17.31
367,Westport,1,US,2021-04-03 18:57:36,20,41.1415,-73.3579,50.0,11.5
368,Paita,0,PE,2021-04-03 19:01:47,57,-5.0892,-81.1144,82.4,11.5
369,Port Hardy,90,CA,2021-04-03 19:01:47,87,50.6996,-127.4199,42.8,8.05
370,Gumdag,100,TM,2021-04-03 19:01:47,52,39.2061,54.5906,55.0,16.53
371,Lavrentiya,100,RU,2021-04-03 19:01:48,88,65.5833,-171.0,2.73,9.55
372,Tessalit,13,ML,2021-04-03 19:01:48,5,20.1986,1.0114,84.94,9.31
373,Hamilton,1,US,2021-04-03 19:00:00,24,39.1834,-84.5333,61.0,10.36
374,Okha,100,RU,2021-04-03 19:01:48,93,53.5739,142.9478,25.07,29.42
375,Poplar Bluff,1,US,2021-04-03 19:01:49,31,36.757,-90.3929,64.0,13.8
376,Baltasi,100,RU,2021-04-03 19:01:49,99,56.3462,50.2062,32.65,5.14
377,Sola,75,VU,2021-04-03 18:56:51,94,-13.8833,167.55,80.6,16.17
378,Wilkie,1,CA,2021-04-03 18:58:29,40,52.4168,-108.7014,48.2,4.61
379,Naryan-Mar,80,RU,2021-04-03 19:01:50,91,67.6713,53.087,10.36,5.88
380,Tual,98,ID,2021-04-03 19:01:50,76,-5.6667,132.75,82.2,7.83
381,Hokitika,100,NZ,2021-04-03 19:01:50,75,-42.7167,170.9667,56.86,7.67
382,Henties Bay,0,NA,2021-04-03 19:01:51,84,-22.116,14.2845,64.99,1.01
383,Nanchang,100,CN,2021-04-03 19:01:51,87,28.6833,115.8833,55.45,9.22
384,Dolores,23,AR,2021-04-03 19:01:51,60,-36.3132,-57.6792,73.09,9.48
385,Shaowu,100,CN,2021-04-03 19:01:52,89,27.3409,117.4831,62.51,4.09
386,Valle De Allende,3,MX,2021-04-03 19:01:52,14,26.9333,-105.4,83.53,5.82
387,Martapura,91,ID,2021-04-03 19:01:52,94,-3.4167,114.85,77.0,3.44
388,Pacific Grove,90,US,2021-04-03 19:01:53,62,36.6177,-121.9166,55.99,5.75
389,Mehamn,100,NO,2021-04-03 19:01:53,84,71.0357,27.8492,32.81,22.15
390,Biltine,74,TD,2021-04-03 19:01:53,11,14.5333,20.9167,86.45,15.75
391,Berlevag,0,NO,2021-04-03 19:01:53,80,70.8578,29.0864,30.2,31.07
392,Thunder Bay,40,CA,2021-04-03 19:01:54,27,48.4001,-89.3168,60.8,12.66
393,Yozgat,34,TR,2021-04-03 19:01:54,59,39.5833,35.3333,45.45,5.53
394,Nelson Bay,14,AU,2021-04-03 19:01:54,94,-32.7167,152.15,61.0,2.3
395,Kingman,1,US,2021-04-03 19:01:55,9,35.1894,-114.053,84.2,3.44
396,Anshun,100,CN,2021-04-03 19:01:55,83,26.25,105.9333,53.46,10.18
397,Kuznetsk,100,RU,2021-04-03 19:01:55,98,53.1167,46.6004,32.92,7.23
398,Sinnar,17,SD,2021-04-03 19:01:56,16,13.5691,33.5672,91.29,18.14
399,Veraval,7,IN,2021-04-03 19:01:56,78,20.9,70.3667,78.58,7.96
400,Chunskiy,100,RU,2021-04-03 19:01:56,97,56.0815,99.6342,33.37,11.21
401,Nanortalik,100,GL,2021-04-03 19:01:57,99,60.1432,-45.2371,36.23,1.36
402,Santa Fe,29,AR,2021-04-03 19:01:57,33,-31.6333,-60.7,84.99,1.99
403,Kawalu,100,ID,2021-04-03 19:01:57,92,-7.3817,108.2082,72.68,2.46
404,Penzance,21,GB,2021-04-03 19:01:58,71,50.1186,-5.5371,46.4,9.22
405,Necochea,100,AR,2021-04-03 19:01:58,47,-38.5473,-58.7368,78.01,13.0
406,Mbandaka,100,CD,2021-04-03 19:01:58,91,0.0487,18.2603,70.39,1.99
407,Sokoni,40,TZ,2021-04-03 19:01:58,78,-6.4333,39.55,82.4,19.57
408,Kimbe,52,PG,2021-04-03 19:01:59,92,-5.5502,150.1429,75.99,3.02
409,Tarko-Sale,100,RU,2021-04-03 19:01:59,90,64.9225,77.785,30.16,10.4
410,Laguna,1,US,2021-04-03 19:01:59,45,38.421,-121.4238,64.99,12.66
411,Chimbote,24,PE,2021-04-03 19:02:00,69,-9.0853,-78.5783,75.72,7.99
412,Cockburn Town,75,TC,2021-04-03 19:02:00,69,21.4612,-71.1419,78.8,13.8
413,Yeppoon,90,AU,2021-04-03 19:02:00,83,-23.1333,150.7333,71.6,11.5
414,Lumby,100,CA,2021-04-03 19:02:01,46,50.2498,-118.969,57.0,1.14
415,Camacupa,100,AO,2021-04-03 18:58:08,87,-12.0167,17.4833,65.46,2.62
416,Moose Factory,20,CA,2021-04-03 19:02:01,42,51.2585,-80.6094,41.0,9.22
417,Road Town,75,VG,2021-04-03 19:02:01,65,18.4167,-64.6167,84.2,10.36
418,Fallon,20,US,2021-04-03 18:58:29,14,39.4735,-118.7774,66.2,4.03
419,Chulym,8,RU,2021-04-03 19:02:02,96,55.0997,80.9572,15.91,6.91
420,Tignere,100,CM,2021-04-03 19:02:02,18,7.3667,12.65,75.97,3.91
421,Puerto Cabezas,75,NI,2021-04-03 19:02:03,79,14.0351,-83.3888,86.0,11.5
422,Cap Malheureux,14,MU,2021-04-03 19:02:03,77,-19.9842,57.6142,81.0,1.99
423,Oksfjord,20,NO,2021-04-03 19:02:03,60,70.2396,22.3479,37.4,5.75
424,Chesapeake,1,US,2021-04-03 19:01:45,32,36.819,-76.2749,54.0,5.35
425,Vila Franca Do Campo,75,PT,2021-04-03 19:02:04,88,37.7167,-25.4333,60.8,20.71
426,Praia,0,CV,2021-04-03 19:02:04,26,14.9215,-23.5087,82.4,13.8
427,Baloda,0,IN,2021-04-03 19:02:04,9,22.15,82.4833,76.17,9.64
428,Vardo,0,NO,2021-04-03 19:02:05,80,70.3705,31.1107,30.2,31.07
429,Kirkwall,90,GB,2021-04-03 19:00:34,87,58.9848,-2.9587,44.6,25.32
430,Buldana,4,IN,2021-04-03 19:02:05,18,20.5333,76.1833,82.42,5.86
431,Nioro,17,GM,2021-04-03 19:02:05,19,13.35,-15.75,94.57,10.31
432,Rayong,100,TH,2021-04-03 19:02:06,85,12.8333,101.4333,84.0,5.99
433,Coruripe,9,BR,2021-04-03 18:57:14,63,-10.1256,-36.1756,82.74,10.33
434,San Lawrenz,0,MT,2021-04-03 19:02:06,68,36.0553,14.204,64.4,3.44
435,Korla,26,CN,2021-04-03 19:02:06,30,41.7597,86.1469,48.49,13.53
436,Young,0,UY,2021-04-03 19:02:07,44,-32.6833,-57.6333,81.0,5.99
437,Matamba,100,TZ,2021-04-03 19:02:07,96,-8.9833,33.9667,55.29,4.99
438,Dakoro,0,NE,2021-04-03 19:02:07,6,14.5106,6.765,80.11,9.89
439,Bengkulu,100,ID,2021-04-03 19:02:08,82,-3.8004,102.2655,77.7,14.67
440,Mount Isa,0,AU,2021-04-03 19:00:51,52,-20.7333,139.5,69.8,6.91
441,Gua Musang,52,MY,2021-04-03 19:02:08,99,4.8823,101.9644,72.81,1.21
